City_ID,City,Lat,Lng,Max Temp,Humidity,Cloudiness,Wind Speed,Country,Date
0,avarua,-21.2078,-159.775,26.03,78,40,6.17,CK,1713183271
1,port-aux-francais,-49.35,70.2167,4.77,93,99,13.36,TF,1713183271
2,arquitecto tomas romero pereira,-26.4833,-55.25,22.52,96,100,3.5,PY,1713183272
3,santa ines,-3.6667,-45.38,26.04,91,97,0.97,BR,1713183272
4,pimentel,-6.8367,-79.9342,20.16,83,0,7.72,PE,1713183273
5,thompson,55.7435,-97.8558,0.09,100,100,0.0,CA,1713183273
6,puerto ayora,-0.7393,-90.3518,24.75,99,82,0.89,EC,1713183274
7,belmonte,-15.8631,-38.8828,26.59,87,77,4.43,BR,1713183274
8,utrik,11.2278,169.8474,27.14,82,38,8.53,MH,1713183275
9,jamestown,42.097,-79.2353,9.8,90,100,4.12,US,1713183275
10,al jawf,29.5,38.75,23.13,30,100,2.11,SA,1713183275
11,thunder bay,48.4001,-89.3168,3.11,84,21,3.79,CA,1713183192
12,lihue,21.9789,-159.3672,23.58,78,0,5.14,US,1713183277
13,kodiak,57.79,-152.4072,-4.27,86,0,2.57,US,1713183277
14,alofi,-19.0595,-169.9187,24.94,94,20,1.54,NU,1713183278
15,bredasdorp,-34.5322,20.0403,21.38,71,94,6.88,ZA,1713183278
16,trondheim,63.4305,10.3951,7.05,67,54,2.24,NO,1713183278
17,bilibino,68.0546,166.4372,-17.36,96,100,5.12,RU,1713183279
18,waitangi,-43.9535,-176.5597,11.01,78,100,2.24,NZ,1713183280
19,college,64.8569,-147.8028,-3.03,68,75,0.0,US,1713183280
20,olonkinbyen,70.9221,-8.7187,-3.96,64,98,3.44,SJ,1713183281
21,cles,46.3667,11.0333,21.49,64,98,4.29,IT,1713183281
22,west island,-12.1568,96.8225,27.99,83,40,6.69,CC,1713183282
23,georgetown,5.4112,100.3354,31.96,66,20,3.09,MY,1713183282
24,newnham,-41.3833,147.1333,13.15,71,99,2.57,AU,1713183283
25,ushuaia,-54.8,-68.3,6.81,93,40,3.09,AR,1713183170
26,east london,-33.0153,27.9116,21.52,83,40,7.2,ZA,1713183284
27,iqaluit,63.7506,-68.5145,-12.7,80,32,2.13,CA,1713183284
28,miles city,46.4083,-105.8406,8.54,71,0,5.14,US,1713183285
29,port mathurin,-19.6833,63.4167,27.06,74,19,4.7,MU,1713183285
30,invercargill,-46.4,168.35,9.07,83,80,2.07,NZ,1713183286
31,albany,42.6001,-73.9662,9.54,97,0,0.89,US,1713183210
32,adamstown,-25.066,-130.1015,22.18,66,17,8.42,PN,1713183287
33,puerto natales,-51.7236,-72.4875,9.25,81,75,2.57,CL,1713183287
34,sinan,34.8262,126.1086,10.73,91,100,4.26,KR,1713183288
35,motygino,58.1831,94.7592,5.44,99,100,4.92,RU,1713183288
36,port alfred,-33.5906,26.891,18.99,98,100,2.24,ZA,1713183288
37,wailua homesteads,22.0669,-159.378,23.24,78,0,5.14,US,1713183289
38,kingston,17.997,-76.7936,27.31,79,2,1.23,JM,1713183018
39,las terrenas,19.311,-69.5428,23.93,94,75,0.0,DO,1713183291
40,atafu village,-8.5421,-172.5159,28.08,79,100,5.83,TK,1713183291
41,carnarvon,-24.8667,113.6333,24.65,64,57,9.4,AU,1713183292
42,bethel,41.3712,-73.414,15.49,83,40,0.0,US,1713183146
43,kabalo,-6.05,26.9167,27.25,78,73,1.48,CD,1713183292
44,bad essen,52.3167,8.3333,13.88,59,100,8.14,DE,1713183293
45,margaret river,-33.95,115.0667,16.4,81,0,4.86,AU,1713183293
46,huron,41.1501,-82.5499,12.6,83,5,4.7,US,1713183294
47,hede,33.7681,120.2517,15.28,93,51,3.02,CN,1713183294
48,san patricio,28.017,-97.5169,23.8,87,99,5.75,US,1713183295
49,silute,55.3489,21.4831,7.78,68,44,5.2,LT,1713183296
50,edinburgh of the seven seas,-37.0676,-12.3116,14.9,58,34,5.31,SH,1713183296
51,enewetak,11.3474,162.3373,27.39,79,22,8.38,MH,1713183296
52,saint-joseph,-21.3667,55.6167,26.72,88,99,6.36,RE,1713183297
53,achinsk,56.2694,90.4993,9.83,69,99,8.94,RU,1713183111
54,nhamunda,-2.1861,-56.7131,25.96,91,98,1.96,BR,1713183298
55,askoy,60.4092,5.226,8.19,53,75,6.69,NO,1713183298
56,nazca,-14.8333,-74.95,19.79,82,93,1.44,PE,1713183299
57,basco,20.4487,121.9702,27.32,78,2,3.35,PH,1713183299
58,tarnogskiy gorodok,60.4997,43.5761,5.71,95,100,3.46,RU,1713183300
59,mahibadhoo,3.7833,72.9667,29.65,68,100,2.01,MV,1713183300
60,iskateley,67.6803,53.1512,0.01,100,100,4.02,RU,1713183301
61,sinjar,36.3209,41.8754,23.32,39,33,3.31,IQ,1713183301
62,weno,7.4515,151.8468,26.97,89,75,2.57,FM,1713183301
63,arraial do cabo,-22.9661,-42.0278,26.92,74,75,6.17,BR,1713183302
64,punta arenas,-53.15,-70.9167,10.06,87,0,3.6,CL,1713183137
65,mandalgovi,45.7625,106.2708,10.6,24,19,3.95,MN,1713183304
66,yurty,56.0498,97.6348,10.48,72,96,4.58,RU,1713183304
67,sitka,57.0531,-135.33,0.94,86,0,0.0,US,1713183253
68,villa gesell,-37.2639,-56.973,19.47,96,100,12.35,AR,1713183155
69,papatowai,-46.5619,169.4708,10.63,79,38,2.26,NZ,1713183306
70,grytviken,-54.2811,-36.5092,3.92,88,71,3.48,GS,1713183307
71,tiksi,71.6872,128.8694,-7.39,90,100,3.13,RU,1713183307
72,luderitz,-26.6481,15.1594,22.29,53,52,5.37,,1713183307
73,laguna,38.421,-121.4238,11.99,89,100,3.6,US,1713183308
74,port elizabeth,-33.918,25.5701,22.83,97,99,3.58,ZA,1713183308
75,margate,51.3813,1.3862,11.5,64,78,8.94,GB,1713183236
76,mohiuddinnagar,25.5833,85.6667,39.7,12,68,5.69,IN,1713183309
77,al muharraq,26.2572,50.6119,27.1,64,99,1.79,BH,1713183310
78,heunghae,36.1125,129.3522,15.44,94,100,1.43,KR,1713183310
79,panaba,21.2833,-88.2667,19.44,91,12,2.98,MX,1713183311
80,kisangani,0.5167,25.2,36.98,35,45,1.84,CD,1713183311
81,yellowknife,62.456,-114.3525,-4.21,99,75,3.6,CA,1713183312
82,aasiaat,68.7098,-52.8699,-13.76,74,2,3.24,GL,1713183312
83,ribeira grande,38.5167,-28.7,18.22,82,75,10.8,PT,1713183313
84,tazovsky,67.4667,78.7,-16.48,93,95,4.37,RU,1713183313
85,knin,44.0439,16.2,24.2,42,2,7.35,HR,1713183314
86,pionerskiy,54.9508,20.2275,8.97,81,37,5.14,RU,1713183314
87,idiroko,6.6333,2.7333,36.88,42,93,3.12,NG,1713183315
88,petropavlovsk-kamchatsky,53.0452,158.6483,2.1,83,100,6.71,RU,1713183315
89,nizhniy ingash,56.2,96.53,10.77,72,100,5.28,RU,1713183316
90,polyarnyy,69.1989,33.4478,0.06,99,100,9.01,RU,1713183317
91,boskovice,49.4875,16.66,18.08,71,100,2.95,CZ,1713183317
92,chazuta,-6.5742,-76.1367,24.47,85,13,0.27,PE,1713183317
93,verdal,63.7933,11.4817,6.02,54,59,0.61,NO,1713183318
94,ciudad lazaro cardenas,17.9583,-102.2,22.98,77,68,1.29,MX,1713183319
95,villa vasquez,19.7411,-71.4464,24.6,72,0,2.83,DO,1713183319
96,turpan,42.9333,89.1667,28.91,7,36,1.45,CN,1713183320
97,luba,3.4568,8.5547,28.94,79,59,2.49,GQ,1713183320
98,sisimiut,66.9395,-53.6735,-6.49,61,0,3.61,GL,1713183321
99,ancud,-41.8697,-73.8203,10.35,89,0,1.79,CL,1713183321
100,maple ridge,49.2194,-122.6019,9.08,79,99,0.45,CA,1713183277
101,san julian,21.0167,-102.1667,16.0,49,95,1.78,MX,1713183322
102,illapel,-31.6308,-71.1653,12.75,79,100,0.5,CL,1713182771
103,victoria,22.2855,114.1577,28.03,80,99,1.79,HK,1713183041
104,blackmans bay,-43.0167,147.3167,12.51,70,100,0.89,AU,1713183324
105,kattivakkam,13.2167,80.3167,32.05,64,77,5.08,IN,1713183324
106,laborde,-33.1532,-62.8566,13.79,94,100,6.96,AR,1713183325
107,isafjordur,66.0755,-23.124,1.02,51,75,6.17,IS,1713183325
108,taltal,-25.4,-70.4833,17.22,62,0,1.68,CL,1713183326
109,ilulissat,69.2167,-51.1,-14.8,71,3,0.55,GL,1713183326
110,ismayilli,40.779,48.1638,16.4,55,97,3.16,AZ,1713183326
111,shadrinsk,56.0852,63.6335,9.87,39,33,4.76,RU,1713183327
112,hengchun,22.0042,120.7439,27.23,76,6,3.46,TW,1713183327
113,antonio enes,-16.2325,39.9086,28.79,57,99,7.04,MZ,1713183328
114,kudahuvadhoo,2.6708,72.8944,29.37,71,100,2.7,MV,1713183328
115,qaqortoq,60.7167,-46.0333,1.39,94,100,3.87,GL,1713183063
116,codrington,-38.2667,141.9667,12.12,90,36,2.8,AU,1713183329
117,mugumu,-1.85,34.7,23.24,69,82,2.08,TZ,1713183330
118,skhira,34.2992,10.07,22.58,58,53,6.08,TN,1713183330
119,salalah,17.0151,54.0924,30.05,74,40,7.2,OM,1713183331
120,haiku-pauwela,20.9219,-156.3051,21.69,92,100,8.23,US,1713183331
121,buala,-8.145,159.5921,27.54,85,100,3.95,SB,1713183332
122,nizhneangarsk,55.7833,109.55,-2.78,91,100,1.34,RU,1713183332
123,vernon,50.2581,-119.2691,8.08,68,100,2.26,CA,1713183333
124,badger,64.8,-147.5333,-3.07,76,75,0.0,US,1713183333
125,gerash,27.6652,54.1371,26.82,22,52,2.32,IR,1713183334
126,uturoa,-16.7333,-151.4333,27.38,80,77,7.47,PF,1713183334
127,hamilton,39.1834,-84.5333,18.73,73,40,4.12,US,1713183306
128,saipan,15.1355,145.701,27.39,78,20,3.09,MP,1713183335
129,sinabang,2.4803,96.3801,28.01,81,82,1.17,ID,1713183335
130,fort mcmurray,56.7268,-111.381,4.58,65,100,2.21,CA,1713183336
131,mersa matruh,31.3525,27.2453,22.25,63,100,4.74,EG,1713183336
132,talnakh,69.4865,88.3972,-12.11,94,100,4.98,RU,1713183337
133,al fallujah,33.3538,43.7795,28.94,27,100,2.73,IQ,1713183337
134,zhangjiakou,40.81,114.8794,12.57,21,0,4.5,CN,1713183338
135,mitu,1.1983,-70.1733,25.29,88,99,0.61,CO,1713183338
136,shizunai-furukawacho,42.3339,142.3669,8.23,82,1,3.89,JP,1713183339
137,vilyuchinsk,52.9306,158.4028,2.92,81,100,4.05,RU,1713183339
138,fregenal de la sierra,38.1692,-6.6537,25.37,43,1,1.56,ES,1713183340
139,lebu,-37.6167,-73.65,11.53,93,66,4.2,CL,1713183340
140,molchanovo,57.5817,83.7692,-1.14,75,100,5.18,RU,1713183340
141,gadzhiyevo,69.2551,33.3362,0.15,99,100,9.45,RU,1713183341
142,mar del plata,-38.0023,-57.5575,19.01,99,100,12.07,AR,1713182835
143,neiafu,-18.65,-173.9833,26.38,94,20,2.06,TO,1713183342
144,carbonear,47.7332,-53.2148,7.56,83,64,6.22,CA,1713183318
145,suez,29.9737,32.5263,28.5,25,0,7.62,EG,1713183343
146,egilsstadir,65.2653,-14.3948,-2.3,66,93,6.38,IS,1713183343
147,madingou,-4.1536,13.55,32.96,59,56,0.69,CG,1713183344
148,coquimbo,-29.9533,-71.3436,15.36,66,25,1.29,CL,1713183099
149,newman,37.3138,-121.0208,9.13,91,12,3.13,US,1713183344
150,kirensk,57.7853,108.1119,-0.58,96,100,4.02,RU,1713183345
151,ust-nera,64.5667,143.2,-19.24,93,18,1.69,RU,1713183345
152,vorgashor,67.5833,63.95,-7.33,91,98,5.49,RU,1713183346
153,minas de marcona,-15.2119,-75.1103,15.75,93,96,5.21,PE,1713183346
154,susuman,62.7833,148.1667,-22.23,90,12,0.89,RU,1713183347
155,hasaki,35.7333,140.8333,16.27,76,90,5.93,JP,1713183347
156,plettenberg bay,-34.0527,23.3716,20.39,77,98,4.14,ZA,1713183348
157,zhigalovo,54.8097,105.1578,5.18,94,91,0.4,RU,1713183348
158,remire-montjoly,4.9167,-52.2667,29.02,84,75,6.69,GF,1713183349
159,cabo san lucas,22.8909,-109.9124,23.2,67,100,0.45,MX,1713183350
160,fortuna,40.5982,-124.1573,9.81,92,100,5.14,US,1713183350
161,santiago de cao,-7.9589,-79.2392,18.07,94,100,4.12,PE,1713183351
162,zhob,31.3411,69.4481,20.88,38,53,3.66,PK,1713183351
163,lalibela,12.0333,39.0333,29.29,18,39,3.56,ET,1713183352
164,trzebiatow,54.0615,15.2648,13.36,57,81,2.13,PL,1713183352
165,shiprock,36.7855,-108.687,7.19,37,0,3.01,US,1713183352
166,longyearbyen,78.2186,15.6401,-13.09,61,20,5.14,SJ,1713183353
167,kavaratti,10.5669,72.642,29.63,74,82,1.97,IN,1713183353
168,brookings,44.3114,-96.7984,10.25,59,33,4.28,US,1713183067
169,aykhal,66.0,111.5,-2.26,95,100,7.22,RU,1713183354
170,hulyaypole,47.6653,36.2578,23.07,40,99,7.22,UA,1713183355
171,stanley,54.868,-1.6985,9.29,71,75,10.8,GB,1713183355
172,barra,-11.0894,-43.1417,28.02,60,93,1.34,BR,1713183355
173,hatillo,18.4863,-66.8254,28.14,93,61,1.34,PR,1713183356
174,matoury,4.8483,-52.3317,28.98,84,75,6.69,GF,1713183357
175,tura,25.5198,90.2201,31.82,28,66,1.95,IN,1713183358
176,harrisburg,40.2737,-76.8844,16.71,92,100,1.54,US,1713183120
177,paracuru,-3.41,-39.0306,30.06,80,91,2.92,BR,1713183358
178,candelaria,13.9311,121.4233,24.92,81,4,2.13,PH,1713183359
179,taco pozo,-25.6167,-63.2833,13.79,88,99,2.68,AR,1713183359
180,cacoal,-11.4386,-61.4472,24.78,95,94,2.77,BR,1713183089
181,filingue,14.3521,3.3168,37.08,6,33,5.39,NE,1713183360
182,flying fish cove,-10.4217,105.6791,27.82,89,100,5.14,CX,1713183321
183,tolanaro,-25.0319,46.9987,22.32,80,93,4.11,MG,1713183361
184,porto sant'elpidio,43.2583,13.7583,27.17,58,19,3.71,IT,1713183362
185,lejanias,3.5251,-74.0216,23.51,62,80,2.48,CO,1713183362
186,kill devil hills,36.0307,-75.676,19.0,69,0,3.6,US,1713183331
187,acarau,-2.8856,-40.12,27.48,85,68,4.11,BR,1713183363
188,konarka,19.9,86.1167,36.22,70,0,7.95,IN,1713183363
189,archangelos,36.2149,28.1149,23.99,32,0,3.3,GR,1713183364
190,lazaro cardenas,17.9583,-102.2,22.98,77,68,1.29,MX,1713183319
191,manokwari,-0.8667,134.0833,27.0,86,65,2.24,ID,1713183365
192,flin flon,54.7682,-101.865,-0.64,87,49,2.14,CA,1713183365
193,jiuquan,39.7432,98.5174,17.64,9,67,4.69,CN,1713183366
194,bubaque,11.2833,-15.8333,24.9,78,12,4.19,GW,1713183366
195,saldanha,-33.0117,17.9442,18.62,62,2,3.3,ZA,1713183367
196,cooper's town,26.8667,-77.5167,20.87,63,20,3.81,BS,1713183367
197,nemuro,43.3236,145.575,4.17,94,16,4.09,JP,1713183368
198,martinho campos,-19.3317,-45.2369,23.47,73,100,2.9,BR,1713183368
199,khabarovsk,48.4808,135.0928,19.7,36,0,2.0,RU,1713183368
200,bardai,11.65,7.2333,37.51,15,64,3.41,NG,1713183369
201,palikir - national government center,6.9248,158.1611,27.88,80,92,4.53,FM,1713183369
202,chipinge,-20.1883,32.6236,24.24,39,11,3.95,ZW,1713183370
203,fale old settlement,-9.3852,-171.2468,28.35,80,99,6.57,TK,1713183371
204,okhotsk,59.3833,143.3,-5.12,81,70,1.91,RU,1713183371
205,naracoorte,-36.9579,140.7383,12.74,78,12,2.71,AU,1713183372
206,belonia,23.2528,91.4514,36.02,23,13,3.2,IN,1713183372
207,chos malal,-37.3781,-70.2709,10.62,70,100,2.86,AR,1713183373
208,ak-suu,42.4995,78.527,14.81,53,88,1.79,KG,1713183373
209,twon-brass,4.3151,6.2418,30.04,70,24,3.8,NG,1713183374
210,extrema,-22.8547,-46.3183,18.54,98,100,2.43,BR,1713183374
211,bria,6.5423,21.9863,38.06,21,88,1.68,CF,1713183374
212,chetwayi,10.5333,76.05,30.59,72,29,5.56,IN,1713183375
213,camana,-16.6228,-72.7111,20.95,88,81,2.35,PE,1713183375
214,hellebaek,56.0682,12.5578,11.08,69,62,4.02,DK,1713183376
215,salekhard,66.53,66.6019,-9.22,90,84,0.89,RU,1713183376
216,callao,-12.0667,-77.15,22.07,88,100,3.09,PE,1713183377
217,island harbour,50.724,-1.2758,12.8,63,94,5.36,GB,1713183377
218,howard springs,-12.497,131.047,27.95,91,34,1.06,AU,1713183378
219,villa regina,-39.1,-67.0667,11.91,96,100,7.98,AR,1713183378
220,vicksburg,32.3526,-90.8779,16.85,100,100,0.0,US,1713183379
221,midvagur,62.0511,-7.1939,8.46,71,40,8.23,FO,1713183379
222,belyy yar,53.6039,91.3903,19.94,24,0,7.0,RU,1713183380
223,sandnessjoen,66.0217,12.6316,4.29,56,40,2.57,NO,1713183380
224,asilah,35.465,-6.0348,25.98,53,36,3.35,MA,1713183380
225,usakos,-22.0,15.6,31.97,23,37,4.71,,1713183381
226,palmer,42.1584,-72.3287,13.06,99,18,0.74,US,1713183228
227,zelenogradsk,54.9589,20.4767,9.09,61,75,8.0,RU,1713183382
228,antsiranana,-12.2787,49.2917,29.66,69,47,7.16,MG,1713183383
229,yuzhno-kurilsk,44.0306,145.8556,5.76,89,67,3.84,RU,1713183383
230,vila franca do campo,37.7167,-25.4333,19.23,99,91,6.56,PT,1713183159
231,villa berthet,-27.2917,-60.4126,16.72,98,100,2.38,AR,1713183350
232,dakhla,23.6848,-15.958,24.25,41,0,4.32,EH,1713183385
233,sheboygan falls,43.732,-87.8221,8.2,77,0,0.0,US,1713183385
234,cuatro cienegas de carranza,26.9833,-102.0833,20.87,65,100,0.83,MX,1713183386
235,ingeniero guillermo n. juarez,-23.9,-61.85,15.21,97,100,2.48,AR,1713183386
236,sungailiat,-1.85,106.1333,27.86,81,64,2.3,ID,1713183387
237,senador jose porfirio,-2.5908,-51.9542,24.84,90,96,1.27,BR,1713183387
238,nuuk,64.1835,-51.7216,-0.07,75,100,3.76,GL,1713183388
239,hithadhoo,-0.6,73.0833,29.45,72,100,2.69,MV,1713183388
240,whitehorse,60.7161,-135.0538,-5.55,95,67,1.06,CA,1713183389
241,vilcun,-38.65,-72.2333,11.13,69,36,1.46,CL,1713183389
242,nova sintra,14.8667,-24.7167,23.09,86,21,5.23,CV,1713183390
243,inari,68.906,27.0288,2.2,90,98,4.21,FI,1713183390
244,nishinoomote,30.7333,131.0,20.2,96,100,5.51,JP,1713183390
245,hawaiian paradise park,19.5933,-154.9731,21.73,95,20,0.45,US,1713183391
246,saint-pierre,-21.3393,55.4781,27.32,73,40,8.75,RE,1713183391
247,chaman,30.9236,66.4512,20.06,24,4,6.79,PK,1713183392
248,vallegrande,-18.4897,-64.1069,15.9,96,100,2.08,BO,1713183392
249,bousso,10.4795,16.7117,42.74,16,25,2.01,TD,1713183393
250,musanze,-1.4998,29.635,16.95,97,100,1.04,RW,1713183393
251,wanxian,30.8039,108.3897,28.69,67,65,1.67,CN,1713183394
252,namie,37.4833,141.0,16.42,89,51,2.59,JP,1713183394
253,lo prado,-33.4443,-70.7255,14.91,71,100,2.06,CL,1713183395
254,porto novo,6.4965,2.6036,34.01,53,100,4.35,BJ,1713183395
255,new norfolk,-42.7826,147.0587,13.17,74,100,1.1,AU,1713183396
256,queenstown,-31.8976,26.8753,21.06,49,85,2.23,ZA,1713183309
257,al ghayzah,16.2079,52.176,31.05,61,71,8.77,YE,1713183396
258,at taj,24.2049,23.2857,32.69,8,71,4.17,LY,1713183397
259,st. john's,47.5649,-52.7093,7.31,84,75,6.2,CA,1713183397
260,udachny,66.4167,112.4,-1.42,83,100,6.86,RU,1713183398
261,kindia,10.0569,-12.8658,36.03,23,15,2.82,GN,1713183398
262,amga,60.8953,131.9608,-10.13,96,95,1.23,RU,1713183399
263,geraldton,-28.7667,114.6,23.23,68,0,6.69,AU,1713183399
264,mejit,10.2753,170.8646,27.06,84,67,8.3,MH,1713183400
265,nabatiye et tahta,33.3789,35.4839,21.42,64,1,5.89,LB,1713183400
266,kirsanov,52.6549,42.7224,13.36,37,53,8.74,RU,1713183400
267,spearfish,44.4908,-103.8594,20.49,26,0,11.32,US,1713183159
268,hermanus,-34.4187,19.2345,22.67,66,78,6.86,ZA,1713183402
269,ongjin,37.9347,125.3619,8.93,96,61,1.88,KP,1713183402
270,jurilovca,44.7667,28.8667,28.05,44,63,5.56,RO,1713183403
271,mwinilunga,-11.7358,24.4293,23.02,81,89,2.27,ZM,1713183404
272,kijang,35.2442,129.2139,13.83,93,100,2.58,KR,1713183404
273,grand falls-windsor,48.9332,-55.6649,4.23,80,99,5.07,CA,1713183272
274,jasper,37.2001,-94.3502,18.15,87,0,0.0,US,1713183220
275,crane,31.3974,-102.3501,20.16,63,45,7.69,US,1713183406
276,tefe,-3.3542,-64.7114,25.06,94,100,4.63,BR,1713183406
277,urumqi,43.801,87.6005,18.53,24,0,2.0,CN,1713183388
278,afaahiti,-17.75,-149.2833,25.59,81,100,10.6,PF,1713183407
279,bikaner,28.0167,73.3,32.84,25,100,7.43,IN,1713183408
280,gizo,-8.103,156.8419,28.6,77,94,3.3,SB,1713183408
281,nikolayevsk-on-amure,53.1406,140.73,5.12,93,100,2.24,RU,1713183409
282,petukhovo,55.0692,67.9019,6.18,49,59,1.56,RU,1713183409
283,dunedin,-45.8742,170.5036,10.45,93,10,0.89,NZ,1713183374
284,sorsk,54.0033,90.2467,8.29,79,92,7.9,RU,1713183410
285,constantia,44.1833,28.65,29.38,50,73,5.65,RO,1713183214
286,vlore,40.4667,19.4897,21.52,62,24,5.72,AL,1713183411
287,'ain el hadjar,34.7585,0.1453,17.12,52,63,7.93,DZ,1713183412
288,manicore,-5.8092,-61.3003,25.24,95,100,1.29,BR,1713183412
289,nadym,65.5333,72.5167,-6.69,84,57,3.44,RU,1713183412
290,sanford,28.8006,-81.2731,18.97,80,0,1.54,US,1713183305
291,garoowe,8.4054,48.4845,36.94,25,87,1.82,SO,1713183414
292,okakarara,-20.5833,17.4333,30.4,26,42,0.93,,1713183415
293,nueva concepcion,14.2,-91.3,25.42,71,73,1.29,GT,1713183415
294,mildura,-34.2,142.15,18.17,37,3,2.6,AU,1713183415
295,champerico,14.3,-91.9167,24.3,71,52,2.34,GT,1713183416
296,holualoa,19.6228,-155.9522,22.91,91,100,7.2,US,1713183214
297,inhambane,-23.865,35.3833,25.79,59,13,5.04,MZ,1713183417
298,arrifes,37.7667,-25.7,18.14,77,20,7.72,PT,1713183417
299,balibago,15.1624,120.5954,29.53,60,39,1.57,PH,1713183418
300,hammerfest,70.6634,23.6821,2.25,80,75,3.09,NO,1713183418
301,tralee,52.2704,-9.7026,9.14,71,75,6.69,IE,1713183419
302,al majaridah,19.1236,41.9111,33.87,32,0,6.64,SA,1713183419
303,lupane,-18.9315,27.807,28.19,42,59,0.35,ZW,1713183420
304,tavda,58.0425,65.2726,5.39,41,19,2.24,RU,1713183420
305,kitami,43.8031,143.8908,12.8,83,17,2.92,JP,1713183421
306,ndikinimeki,4.7667,10.8333,31.73,49,73,0.95,CM,1713183421
307,keflavik,64.0049,-22.5624,1.24,55,0,9.26,IS,1713183422
308,touros,-5.1989,-35.4608,30.38,66,86,4.85,BR,1713183293
309,praia da vitoria,38.7333,-27.0667,18.2,92,98,10.06,PT,1713183422
310,port saint john's,-31.6229,29.5448,23.33,82,100,4.71,ZA,1713183423
311,khanty-mansiysk,61.0042,69.0019,2.06,41,0,4.0,RU,1713183423
312,yola,9.2,12.4833,41.82,17,73,3.0,NG,1713183424
313,redkino,56.6475,36.2967,5.62,88,99,6.0,RU,1713183424
314,khagrachhari,23.1,91.9667,34.55,25,3,2.78,BD,1713183425
315,salinas,36.6777,-121.6555,11.58,91,100,2.57,US,1713183315
316,zaragoza,41.6561,-0.8773,25.27,44,0,11.32,ES,1713183426
317,box elder,41.5005,-112.8764,9.17,57,100,2.51,US,1713183426
318,sao miguel do araguaia,-13.275,-50.1628,27.05,75,89,2.69,BR,1713183427
319,nagqu,31.5,92.0,7.32,26,99,5.92,CN,1713183427
320,gunjur,13.2019,-16.7339,34.04,38,0,2.06,GM,1713183428
321,curumani,9.1999,-73.5427,27.93,65,100,1.1,CO,1713183428
322,igarka,67.4667,86.5833,-12.4,90,100,6.93,RU,1713183429
323,storozhevaya,43.8789,41.4514,17.86,38,97,2.69,RU,1713183429
324,mogocha,53.7333,119.7667,-5.18,94,77,1.09,RU,1713183430
325,malango,-2.9627,119.9001,20.2,99,100,0.79,ID,1713183430
326,tamanrasset,22.785,5.5228,22.95,18,3,7.2,DZ,1713183431
327,port lincoln,-34.7333,135.8667,15.61,76,5,5.1,AU,1713183432
328,elamanchili,17.55,82.8667,31.46,52,4,4.9,IN,1713183432
329,dudinka,69.4058,86.1778,-11.85,93,100,4.92,RU,1713183433
330,uhrichsville,40.3931,-81.3465,15.32,93,0,0.0,US,1713183433
331,stadtilm,50.7667,11.0833,14.99,58,89,7.03,DE,1713183434
332,kalajoki,64.25,23.95,3.28,97,100,4.25,FI,1713183434
333,tsiombe,-25.3,45.4833,23.76,68,71,7.11,MG,1713183434
334,porto franco,-6.3383,-47.3992,26.44,87,86,2.06,BR,1713183435
335,essaouira,31.5125,-9.77,22.5,52,9,7.43,MA,1713183435
336,kimbe,-5.5502,150.1429,25.99,91,89,1.58,PG,1713183436
337,oriximina,-1.7656,-55.8661,25.19,93,100,1.34,BR,1713183436
338,arkhangel'sk,64.5401,40.5433,7.06,81,100,4.0,RU,1713183437
339,mata-utu,-13.2816,-176.1745,29.26,80,92,8.12,WF,1713183437
340,tazacorte,28.629,-17.9293,21.54,83,0,3.6,ES,1713183438
341,chernyshevskiy,63.0128,112.4714,-0.67,98,100,2.91,RU,1713183438
342,bizerte,37.2744,9.8739,20.37,62,86,8.47,TN,1713183439
343,soroti,1.7146,33.6111,29.48,46,91,1.65,UG,1713183439
344,mandera,3.9366,41.867,34.47,41,100,5.35,KE,1713183440
345,anadyr,64.75,177.4833,-15.72,84,40,12.0,RU,1713183440
346,pacific grove,36.6177,-121.9166,11.35,87,100,2.57,US,1713183441
347,banda aceh,5.5577,95.3222,29.42,73,95,3.64,ID,1713183441
348,kenai,60.5544,-151.2583,-3.81,93,0,0.0,US,1713183441
349,ilembula,-8.9,34.5833,23.79,62,87,4.87,TZ,1713183442
350,cidreira,-30.1811,-50.2056,23.75,89,100,10.66,BR,1713183442
351,kuanda,56.3161,116.0806,-2.85,76,78,0.95,RU,1713183443
352,tofol,5.3248,163.0078,28.31,79,77,3.63,FM,1713183444
353,benin city,6.335,5.6275,38.53,37,71,1.34,NG,1713183331
354,rucava,56.1585,21.1619,6.95,65,19,5.18,LV,1713183445
355,kruisfontein,-34.0033,24.7314,21.6,58,100,5.14,ZA,1713183446
356,stiens,53.2623,5.7577,9.43,84,100,8.75,NL,1713183446
357,mana,5.6592,-53.7767,27.19,82,87,4.54,GF,1713183447
358,farsan,32.2569,50.561,15.21,29,82,2.43,IR,1713183447
359,aripuana,-9.1667,-60.6333,24.38,98,100,0.74,BR,1713183448
360,nar'yan-mar,67.6713,53.087,0.06,100,100,4.02,RU,1713183448
361,alice springs,-23.7,133.8833,16.75,45,61,2.57,AU,1713183449
362,el alto,-4.2714,-81.2147,22.81,76,64,4.28,PE,1713183449
363,happy valley-goose bay,53.3168,-60.3315,2.85,54,78,5.07,CA,1713183211
364,langepas,61.2544,75.2124,-7.35,79,17,2.4,RU,1713183451
365,roma,43.2128,-75.4557,8.74,97,100,0.89,US,1713183452
366,lagoa,39.05,-27.9833,15.64,90,100,14.27,PT,1713183452
367,kununurra,-15.7667,128.7333,24.99,69,15,0.0,AU,1713183453
368,puerto baquerizo moreno,-0.9,-89.6,24.14,88,41,2.66,EC,1713183453
369,uyuni,-20.4597,-66.825,5.85,40,0,7.34,BO,1713183217
370,nyurba,63.2842,118.3319,-1.25,90,95,3.37,RU,1713183454
371,quellon,-43.1167,-73.6167,9.59,88,0,2.6,CL,1713183454
372,kone,-21.0595,164.8658,21.51,90,77,1.88,NC,1713183455
373,kristiansund,63.1115,7.732,9.03,49,0,5.14,NO,1713183455
374,tionk essil,12.7856,-16.5217,34.39,23,100,3.14,SN,1713183456
375,doctor arroyo,23.6667,-100.1833,13.98,63,50,1.62,MX,1713183456
376,winschoten,53.1442,7.0347,12.21,91,100,9.29,NL,1713183457
377,ust-tsilma,65.441,52.1498,2.56,100,100,3.58,RU,1713183457
378,el quebrachal,-25.2833,-64.0667,14.64,82,100,1.95,AR,1713183458
379,taoudenni,22.6783,-3.9836,30.39,16,0,3.07,ML,1713183458
380,winslow,35.0242,-110.6974,7.1,36,0,6.17,US,1713183459
381,beytussebap,37.5694,43.1681,8.38,78,100,2.12,TR,1713183459
382,dubrovnik,42.6481,18.0922,24.8,43,0,4.63,HR,1713183460
383,chipata,-13.6333,32.65,21.65,70,96,3.35,ZM,1713183460
384,bandarbeyla,9.4942,50.8122,30.85,59,72,7.08,SO,1713183461
385,selendi,38.7444,28.8678,26.07,20,0,1.58,TR,1713183461
386,oromocto,45.8351,-66.4792,9.28,88,75,2.24,CA,1713183276
387,espinosa,-14.9261,-42.8192,24.48,67,98,5.76,BR,1713183462
388,usinsk,65.9939,57.5281,-1.07,97,100,8.94,RU,1713183463
389,balqash,46.8481,74.995,20.33,28,0,4.0,KZ,1713183463
390,wladyslawowo,54.7909,18.4009,11.75,61,45,5.91,PL,1713183463
391,san luis de la loma,17.2706,-100.8939,25.68,58,35,1.4,MX,1713183464
392,usogorsk,63.4106,48.6872,1.48,96,94,4.56,RU,1713183465
393,romagnat,45.7288,3.0989,19.01,49,75,6.69,FR,1713183465
394,tinambac,13.8164,123.3261,25.98,85,6,3.14,PH,1713183466
395,broome,42.2506,-75.833,11.97,83,38,1.79,US,1713183466
396,vallenar,-28.5708,-70.7581,13.11,76,42,0.89,CL,1713183467
397,chonchi,-42.6128,-73.8092,8.73,90,0,0.67,CL,1713183467
398,nieuw amsterdam,5.8833,-55.0833,29.01,70,40,4.12,SR,1713183468
399,galle,6.0367,80.217,27.5,83,100,3.13,LK,1713183468
400,kayangel,8.0823,134.7173,28.12,83,100,7.11,PW,1713183469
401,leh,34.1667,77.5833,1.95,71,86,3.25,IN,1713183469
402,abepura,-2.6333,140.5833,25.45,94,40,1.54,ID,1713183470
403,broken hill,-31.95,141.4333,17.95,29,0,3.2,AU,1713183470
404,puerto deseado,-47.7503,-65.8938,11.61,87,1,7.07,AR,1713183471
405,san antonio de pale,-1.4014,5.6325,28.59,79,72,4.4,GQ,1713183471
406,qionghai,19.2425,110.4642,25.27,86,2,5.16,CN,1713183472
407,colonia,50.9333,6.95,16.44,50,0,7.2,DE,1713183472
408,la passe,45.5549,-0.8967,15.13,68,1,7.86,FR,1713183472
409,altamont,42.2068,-121.7372,3.55,97,100,2.06,US,1713183473
410,takoradi,4.8845,-1.7554,30.79,68,98,3.83,GH,1713183473
411,gondia,21.45,80.2,35.65,26,73,4.16,IN,1713183270
412,fada,9.5667,8.3,37.96,21,97,1.19,NG,1713183474
413,acajutla,13.5928,-89.8275,26.94,56,79,2.52,SV,1713183475
414,namibe,-15.1961,12.1522,29.14,56,24,6.09,AO,1713183326
415,villa ojo de agua,-29.5,-63.6938,11.79,91,100,4.78,AR,1713183476
416,mariental,-24.6333,17.9667,29.0,5,13,2.98,,1713183477
417,wamba,8.9333,8.6,38.54,29,89,2.31,NG,1713183477
418,savonlinna,61.8699,28.88,8.03,66,75,7.72,FI,1713183478
419,xi'an,34.2583,108.9286,21.69,31,0,1.74,CN,1713183478
420,novodvinsk,64.4165,40.8122,6.86,100,100,2.76,RU,1713183479
421,ndele,8.4109,20.6473,43.26,12,48,0.62,CF,1713183479
422,eureka,40.8021,-124.1637,10.11,89,100,3.58,US,1713183480
423,formosa do rio preto,-11.0483,-45.1931,25.68,68,100,1.99,BR,1713183480
424,niquero,20.0431,-77.5828,24.84,83,4,6.86,CU,1713183481
425,mayskiy,47.6931,40.1025,18.67,55,100,9.25,RU,1713183481
426,vodnyy,63.5046,53.4095,-0.33,99,100,4.24,RU,1713183482
427,saudarkrokur,65.7461,-19.6394,-2.42,91,100,5.68,IS,1713183482
428,kainantu,-6.2887,145.8655,16.81,97,41,0.63,PG,1713183483
429,bibir hat,22.6873,91.7853,32.49,36,2,3.68,BD,1713183483
430,arawa,-6.2132,155.5367,26.27,91,100,1.5,PG,1713183484
431,wuxue,29.8506,115.5525,23.88,86,84,2.29,CN,1713183484
432,letterkenny,54.95,-7.7333,8.96,71,37,9.28,IE,1713183485
433,novosergiyevka,52.0934,53.6528,12.51,54,94,6.74,RU,1713183485
434,urucara,-2.5364,-57.76,26.41,85,100,2.12,BR,1713183486
435,vorkuta,67.5,64.0,-7.16,91,98,5.36,RU,1713183486
436,ebon,4.582,168.6964,28.13,79,94,3.87,MH,1713183487
437,guerrero negro,27.9769,-114.0611,14.53,73,47,9.67,MX,1713183430
438,sanming,26.2486,117.6186,26.63,72,100,0.98,CN,1713183488
439,daru,-9.0763,143.2092,27.76,87,40,4.04,PG,1713183488
440,an nuhud,12.7,28.4333,39.37,5,69,5.58,SD,1713183489
441,tyumen,57.1522,65.5272,10.05,27,0,4.0,RU,1713183390
442,jesup,31.6074,-81.8854,16.51,88,0,0.0,US,1713183321
443,tukzar,35.9483,66.4213,8.04,88,100,1.18,AF,1713183490
444,sabana iglesia,19.3211,-70.7599,23.13,100,20,0.0,DO,1713183491
445,kurumkan,54.3,110.3,7.29,45,43,1.34,RU,1713183491
446,sona,45.4388,10.8255,24.76,35,40,6.17,IT,1713183492
447,genhe,50.7833,121.5167,1.84,82,100,2.96,CN,1713183493
448,vadso,70.0744,29.7487,0.49,93,75,8.75,NO,1713183493
449,saurimo,-9.6608,20.3916,27.18,62,46,2.23,AO,1713183494
450,machico,32.7,-16.7667,26.74,68,100,4.12,PT,1713183494
451,dongola,19.1667,30.4833,35.79,7,0,6.99,SD,1713183495
452,kiunga,-6.1219,141.2906,25.24,95,100,0.96,PG,1713183496
453,wynyard,-41.0,145.7167,11.91,78,100,2.93,AU,1713183496
454,rio grande,-32.035,-52.0986,24.06,90,100,8.79,BR,1713183263
455,bel ombre,-4.6167,55.4167,29.38,70,54,0.52,SC,1713183497
456,balabac,7.9868,117.0645,28.28,80,9,5.53,PH,1713183498
457,karis,60.0718,23.6616,9.79,65,95,5.08,FI,1713183498
458,urengoy,65.9667,78.3667,-14.25,86,90,4.69,RU,1713183499
459,kafue,-15.7691,28.1814,23.31,64,98,2.88,ZM,1713183499
460,kerikeri,-35.2268,173.9474,10.51,90,9,1.64,NZ,1713183500
461,media luna,20.1419,-77.435,24.32,84,14,5.52,CU,1713183500
462,kodinsk,58.6881,99.1844,6.91,97,100,2.45,RU,1713183501
463,forster,-32.1667,152.5167,19.6,97,99,2.36,AU,1713183501
464,aras-asan,8.8908,126.3033,26.63,85,93,3.0,PH,1713183501
465,huarmey,-10.0681,-78.1522,20.83,89,98,4.53,PE,1713183502
466,ta`u,-14.2336,-169.5144,28.73,80,99,8.05,AS,1713183502
467,abu jibeha,11.4562,31.2285,39.25,6,70,3.11,SD,1713183503
468,caleta de carquin,-11.0925,-77.6267,20.23,91,95,4.4,PE,1713183437
469,nova vicosa,-17.8919,-39.3719,26.55,79,40,4.5,BR,1713183504
470,lemvig,56.5486,8.3102,9.0,82,100,7.53,DK,1713183504
471,guise,49.9006,3.628,10.92,78,59,11.59,FR,1713183505
472,arkalyk,50.2486,66.9114,11.06,48,95,2.01,KZ,1713183505
473,mantsala,60.6609,25.2838,8.82,91,100,3.8,FI,1713183506
474,luau,-10.7073,22.2247,24.69,75,45,2.12,AO,1713183506
475,aswan,24.0934,32.907,32.77,11,7,8.56,EG,1713183321
476,beruniy,41.6911,60.7525,23.98,29,100,4.12,UZ,1713183508
477,mizhou,35.9947,119.3975,16.46,82,58,2.56,CN,1713183508
478,san felipe,10.3399,-68.7425,23.79,75,84,2.82,VE,1713183509
479,burang,30.25,81.1667,2.96,84,100,3.87,CN,1713183509
480,kargopol',61.5071,38.9456,4.42,92,100,2.73,RU,1713183509
481,ar ruways,24.1103,52.7306,30.88,38,86,5.98,AE,1713183510
482,butembo,0.15,29.2833,27.46,38,33,1.25,CD,1713183510
483,pleasanton,37.6624,-121.8747,11.01,87,100,1.54,US,1713183347
484,klyuchi,52.2667,79.1667,10.02,43,51,4.16,RU,1713183511
485,kapa'a,22.0752,-159.319,23.99,78,0,5.14,US,1713183512
486,royston,52.0483,-0.0244,11.86,60,72,10.91,GB,1713183372
487,aiquile,-18.2041,-65.1807,15.97,81,24,2.0,BO,1713183513
488,el granada,37.5027,-122.4694,11.94,89,100,2.57,US,1713183513
489,kidal,18.4411,1.4078,30.16,12,60,4.81,ML,1713183514
490,kosh-agach,50.0,88.6667,8.5,41,14,0.45,RU,1713183514
491,castillos,-34.1667,-53.8333,21.24,97,100,6.36,UY,1713183515
492,floro,61.5996,5.0328,10.04,40,75,6.69,NO,1713183516
493,bafq,31.6128,55.4107,25.57,15,29,1.51,IR,1713183516
494,port douglas,-16.4833,145.4667,25.93,92,100,6.62,AU,1713183517
495,ngorongoro,-3.2397,35.4875,17.05,80,69,3.25,TZ,1713183517
496,ponta delgada,37.7333,-25.6667,19.4,77,20,7.72,PT,1713183518
497,cannonvale,-20.2833,148.7,26.66,72,21,7.48,AU,1713183518
498,mulayjah,27.271,48.4242,30.07,26,60,7.25,SA,1713183519
499,arteche,12.2645,125.4048,25.67,84,14,2.43,PH,1713183519
500,villa de cos,23.2833,-102.35,15.85,41,83,3.25,MX,1713183520
501,loango,-4.6719,11.8312,31.81,70,40,4.12,CG,1713183521
502,saint-philippe,-21.3585,55.7679,27.28,89,100,6.12,RE,1713183521
503,ust'-kut,56.7938,105.7672,3.02,99,100,1.79,RU,1713183522
504,rice lake,45.5061,-91.7382,6.92,54,0,2.06,US,1713183235
505,jeremie,18.65,-74.1167,26.0,82,31,1.8,HT,1713183523
506,zaozersk,69.4005,32.4476,-0.21,98,100,9.46,RU,1713183523
507,kon tum,14.35,108.0,27.4,44,78,1.97,VN,1713183524
508,pagar alam,-4.0167,103.2667,22.34,97,98,0.72,ID,1713183524
509,vizinga,61.0749,50.1031,10.28,59,55,5.97,RU,1713183524
510,celendin,-6.8703,-78.1517,11.29,91,74,0.45,PE,1713183525
511,las tablas,7.7667,-80.2833,24.54,99,48,6.21,PA,1713183526
512,lodwar,3.1191,35.5973,36.17,30,100,4.61,KE,1713183527
513,lintong,34.378,109.2089,18.81,37,0,3.39,CN,1713183527
514,san bernardo del viento,9.3533,-75.9524,27.7,79,99,3.72,CO,1713183528
515,avanos,38.715,34.8467,19.07,29,1,4.49,TR,1713183528
516,mareeba,-17.0,145.4333,23.58,91,100,1.47,AU,1713183529
517,onega,63.9061,38.1404,3.21,99,100,3.25,RU,1713183529
518,zeya,53.75,127.2667,3.6,95,100,2.69,RU,1713183530
519,walvis bay,-22.9575,14.5053,26.53,38,0,6.17,,1713183531
520,sao tome,0.3365,6.7273,29.72,69,67,2.28,ST,1713183532
521,kamyanyets,52.4001,23.81,14.04,70,95,5.66,BY,1713183532
522,zabaykal'sk,49.6333,117.3167,6.1,46,10,2.1,RU,1713183533
523,labuan,5.2767,115.2417,29.16,76,50,3.12,MY,1713183533
524,abaza,52.655,90.0928,14.67,53,49,3.73,RU,1713183533
525,fort-shevchenko,44.5086,50.263,13.33,76,88,4.69,KZ,1713183534
526,opuwo,-18.0607,13.84,33.6,24,10,3.58,,1713183534
527,quixada,-4.9714,-39.0153,26.85,85,100,1.84,BR,1713183535
528,las heras,-46.5419,-68.9359,9.5,60,1,3.78,AR,1713183359
529,urangan,-25.3,152.9,21.22,80,3,3.13,AU,1713183536
530,hilo,19.7297,-155.09,22.01,93,20,0.0,US,1713183536
531,wenchang,30.904,118.4887,22.97,80,80,2.57,CN,1713183537
532,grand baie,-20.0182,57.5802,29.13,70,66,2.24,MU,1713183537
533,brokopondo,4.75,-55.1667,25.85,86,98,3.33,SR,1713183538
534,malanje,-9.5402,16.341,27.24,64,34,1.58,AO,1713183538
535,lerwick,60.1545,-1.1494,9.0,81,83,4.31,GB,1713183448
536,port blair,11.6667,92.75,32.02,58,20,2.06,IN,1713183539
537,sylt-ost,54.8833,8.35,10.61,76,40,8.75,DE,1713183540
538,christchurch,-43.5333,172.6333,12.73,86,20,2.06,NZ,1713183303
539,kangding,30.0513,101.9603,12.69,82,99,0.96,CN,1713183541
540,coyhaique,-45.5752,-72.0662,0.34,85,4,2.01,CL,1713183541
541,thurso,58.5927,-3.5259,8.14,70,100,5.61,GB,1713183542
542,yinchuan,38.4681,106.2731,17.67,12,100,2.81,CN,1713183542
543,klaksvik,62.2266,-6.589,8.51,89,97,9.57,FO,1713183543
544,yangsan,35.3386,129.0386,15.96,94,100,1.03,KR,1713183543
545,kavieng,-2.5744,150.7967,28.28,81,55,4.46,PG,1713183544
546,paris,48.8534,2.3488,14.56,59,100,10.29,FR,1713182799
547,eyl,7.9803,49.8164,31.41,58,84,7.01,SO,1713183545
548,khandyga,62.6667,135.6,-15.69,98,54,1.56,RU,1713183546
549,phillip island,-38.4835,145.231,15.82,71,97,4.45,AU,1713183546
550,robertsport,6.7533,-11.3686,29.18,74,72,1.75,LR,1713183547
551,cuauhtemoc,28.4167,-106.8667,14.98,40,100,2.46,MX,1713183547
552,saynshand,44.8824,110.1163,12.45,21,0,1.68,MN,1713183548
553,sao joao da barra,-21.6403,-41.0511,28.05,71,93,3.47,BR,1713183548
554,siocon,7.7061,122.1353,27.23,82,63,1.06,PH,1713183549
555,yelets,52.6237,38.5017,12.75,37,57,9.7,RU,1713183549
556,sergeyevka,53.88,67.4158,7.92,44,60,0.51,KZ,1713183550
557,sarmiento,-45.5882,-69.07,11.72,66,0,2.19,AR,1713183550
558,nago,26.5881,127.9761,22.86,94,2,1.57,JP,1713183551
559,murun-kuren,49.6342,100.1625,13.05,29,99,1.32,MN,1713183551
560,geltendorf,48.1333,11.0333,13.44,91,75,3.09,DE,1713183552
561,kharovsk,59.9642,40.1912,7.15,68,97,3.59,RU,1713183552
562,smithers,54.7804,-127.1743,-0.82,100,100,1.03,CA,1713183553
563,chatel-guyon,45.9167,3.0667,20.18,46,75,8.23,FR,1713183541
564,portland,45.5234,-122.6762,9.97,78,100,1.54,US,1713183360
565,sosnovo-ozerskoye,52.5249,111.5418,4.01,72,52,4.71,RU,1713183554
566,la'ie,21.6477,-157.9253,21.66,82,94,4.51,US,1713183555
567,kayenta,36.7278,-110.2546,4.89,32,1,8.02,US,1713183555
568,tutong,4.8,114.65,28.05,82,84,0.27,BN,1713183555
569,berezovyy,51.6667,135.7,6.85,80,98,2.07,RU,1713183556
570,nalgonda,17.05,79.2667,39.42,20,6,2.09,IN,1713183557
571,bathsheba,13.2167,-59.5167,28.34,74,20,9.77,BB,1713183557
572,san sebastian de la gomera,28.0916,-17.1133,26.88,69,20,4.63,ES,1713183558
573,kota belud,6.351,116.4305,27.19,81,4,2.13,MY,1713183559
574,saint-hyacinthe,45.6168,-72.9491,7.99,91,99,3.8,CA,1713183559
575,el bolson,-41.9667,-71.5167,8.91,94,17,1.74,AR,1713183560
576,hohhot,40.8106,111.6522,12.16,14,0,3.0,CN,1713183560
